horizon,response,impulse,irf
0,dlog_SOLVPN,dlog_SOLVPN,1.0
0,dlog_SOLVPN,dlog_COPPER,0.0
0,dlog_SOLVPN,dlog_DXY,0.0
0,dlog_SOLVPN,d_UST10Y,0.0
0,dlog_SOLVPN,dlog_VIX,0.0
0,dlog_COPPER,dlog_SOLVPN,0.0
0,dlog_COPPER,dlog_COPPER,1.0
0,dlog_COPPER,dlog_DXY,0.0
0,dlog_COPPER,d_UST10Y,0.0
0,dlog_COPPER,dlog_VIX,0.0
0,dlog_DXY,dlog_SOLVPN,0.0
0,dlog_DXY,dlog_COPPER,0.0
0,dlog_DXY,dlog_DXY,1.0
0,dlog_DXY,d_UST10Y,0.0
0,dlog_DXY,dlog_VIX,0.0
0,d_UST10Y,dlog_SOLVPN,0.0
0,d_UST10Y,dlog_COPPER,0.0
0,d_UST10Y,dlog_DXY,0.0
0,d_UST10Y,d_UST10Y,1.0
0,d_UST10Y,dlog_VIX,0.0
0,dlog_VIX,dlog_SOLVPN,0.0
0,dlog_VIX,dlog_COPPER,0.0
0,dlog_VIX,dlog_DXY,0.0
0,dlog_VIX,d_UST10Y,0.0
0,dlog_VIX,dlog_VIX,1.0
1,dlog_SOLVPN,dlog_SOLVPN,0.06166266266153673
1,dlog_SOLVPN,dlog_COPPER,0.002043046997921797
1,dlog_SOLVPN,dlog_DXY,0.0071771440633996925
1,dlog_SOLVPN,d_UST10Y,-0.012987540088034391
1,dlog_SOLVPN,dlog_VIX,-0.010116533512029546
1,dlog_COPPER,dlog_SOLVPN,0.03590291423792854
1,dlog_COPPER,dlog_COPPER,-0.07568002288845879
1,dlog_COPPER,dlog_DXY,-0.1575171402356756
1,dlog_COPPER,d_UST10Y,-0.004749991401956342
1,dlog_COPPER,dlog_VIX,-0.02294331854467087
1,dlog_DXY,dlog_SOLVPN,-0.016821748549306396
1,dlog_DXY,dlog_COPPER,0.0046546855162902315
1,dlog_DXY,dlog_DXY,-0.050052236301363975
1,dlog_DXY,d_UST10Y,0.007148898880913265
1,dlog_DXY,dlog_VIX,0.004224283340173468
1,d_UST10Y,dlog_SOLVPN,-0.23482118466783483
1,d_UST10Y,dlog_COPPER,0.12047070917780978
1,d_UST10Y,dlog_DXY,0.6383129303976918
1,d_UST10Y,d_UST10Y,-0.03683163555366531
1,d_UST10Y,dlog_VIX,0.021375857494328798
1,dlog_VIX,dlog_SOLVPN,0.17524263721282143
1,dlog_VIX,dlog_COPPER,-0.02594618011918065
1,dlog_VIX,dlog_DXY,-0.4758110040957064
1,dlog_VIX,d_UST10Y,0.018842708216138565
1,dlog_VIX,dlog_VIX,-0.043547704226163546
2,dlog_SOLVPN,dlog_SOLVPN,0.0050318047322175504
2,dlog_SOLVPN,dlog_COPPER,-0.001297363541406058
2,dlog_SOLVPN,dlog_DXY,-0.003715042021779357
2,dlog_SOLVPN,d_UST10Y,-0.0004715126276274389
2,dlog_SOLVPN,dlog_VIX,-0.00047743637818218986
2,dlog_COPPER,dlog_SOLVPN,-0.0007587993968315033
2,dlog_COPPER,dlog_COPPER,0.005090681097035222
2,dlog_COPPER,dlog_DXY,0.02794736879361402
2,dlog_COPPER,d_UST10Y,-0.0014902494921250526
2,dlog_COPPER,dlog_VIX,0.001605334516883508
2,dlog_DXY,dlog_SOLVPN,-0.0009666292493055954
2,dlog_DXY,dlog_COPPER,0.00013201715295070362
2,dlog_DXY,dlog_DXY,0.0042045755909282875
2,dlog_DXY,d_UST10Y,-0.00034516365841888463
2,dlog_DXY,dlog_VIX,-0.0001791949752874134
2,d_UST10Y,dlog_SOLVPN,-0.008497179633125409
2,d_UST10Y,dlog_COPPER,-0.01161758589644514
2,d_UST10Y,dlog_DXY,-0.08629151412921619
2,d_UST10Y,d_UST10Y,0.008800097733596997
2,d_UST10Y,dlog_VIX,0.000589815893132156
2,dlog_VIX,dlog_SOLVPN,0.005822275611821621
2,dlog_VIX,dlog_COPPER,0.0035067768591550224
2,dlog_VIX,dlog_DXY,0.061908135729512925
2,dlog_VIX,d_UST10Y,-0.007068815844237854
2,dlog_VIX,dlog_VIX,-0.0008883354452760598
3,dlog_SOLVPN,dlog_SOLVPN,0.0003532427923507511
3,dlog_SOLVPN,dlog_COPPER,4.675655339655647e-05
3,dlog_SOLVPN,dlog_DXY,0.00035261401892822884
3,dlog_SOLVPN,d_UST10Y,-7.737637286612244e-05
3,dlog_SOLVPN,dlog_VIX,-2.6119714872445e-05
3,dlog_COPPER,dlog_SOLVPN,0.0002971222906828742
3,dlog_COPPER,dlog_COPPER,-0.0004779106237239081
3,dlog_COPPER,dlog_DXY,-0.003921225196432267
3,dlog_COPPER,d_UST10Y,0.0002706043357061605
3,dlog_COPPER,dlog_VIX,-9.282708759506754e-05
3,dlog_DXY,dlog_SOLVPN,-7.594430701597414e-05
3,dlog_DXY,dlog_COPPER,-2.932763864450524e-05
3,dlog_DXY,dlog_DXY,-0.00037324049794883917
3,dlog_DXY,d_UST10Y,5.132156496101417e-05
3,dlog_DXY,dlog_VIX,2.4936704830105572e-05
3,d_UST10Y,dlog_SOLVPN,-0.001452578241176596
3,d_UST10Y,dlog_COPPER,0.001505049713615433
3,d_UST10Y,dlog_DXY,0.011424641960264416
3,d_UST10Y,d_UST10Y,-0.0007643566783355659
3,d_UST10Y,dlog_VIX,0.0001504126779515989
3,dlog_VIX,dlog_SOLVPN,0.0009477508979847376
3,dlog_VIX,dlog_COPPER,-0.0007938712138683578
3,dlog_VIX,dlog_DXY,-0.007698667565752866
3,dlog_VIX,d_UST10Y,0.0005939182077720107
3,dlog_VIX,dlog_VIX,9.742130579856673e-06
4,dlog_SOLVPN,dlog_SOLVPN,3.112132713185906e-05
4,dlog_SOLVPN,dlog_COPPER,-9.819417724087315e-06
4,dlog_SOLVPN,dlog_DXY,-5.9441095914380105e-05
4,dlog_SOLVPN,d_UST10Y,6.868601206632338e-08
4,dlog_SOLVPN,dlog_VIX,-3.67333422173457e-06
4,dlog_COPPER,dlog_SOLVPN,-1.2686062619483409e-05
4,dlog_COPPER,dlog_COPPER,5.3531656181904534e-05
4,dlog_COPPER,dlog_DXY,0.0004905760906034157
4,dlog_COPPER,d_UST10Y,-4.1337172724362605e-05
4,dlog_COPPER,dlog_VIX,1.2214480669269968e-06
4,dlog_DXY,dlog_SOLVPN,-7.138734840058725e-06
4,dlog_DXY,dlog_COPPER,5.862774527394601e-06
4,dlog_DXY,dlog_DXY,4.365012409628277e-05
4,dlog_DXY,d_UST10Y,-2.9630049385711088e-06
4,dlog_DXY,dlog_VIX,-1.2440092212848893e-07
4,d_UST10Y,dlog_SOLVPN,-2.1870770534820152e-05
4,d_UST10Y,dlog_COPPER,-0.00015967699246654344
4,d_UST10Y,dlog_DXY,-0.0013787921276974377
4,d_UST10Y,d_UST10Y,0.00012437674387578212
4,d_UST10Y,dlog_VIX,5.5362399086141505e-06
4,dlog_VIX,dlog_SOLVPN,2.1686263267985932e-05
4,dlog_VIX,dlog_COPPER,9.747859145904642e-05
4,dlog_VIX,dlog_DXY,0.0008916562549479941
4,dlog_VIX,d_UST10Y,-8.526647813967096e-05
4,dlog_VIX,dlog_VIX,-1.1624003165238682e-05
5,dlog_SOLVPN,dlog_SOLVPN,1.9065276459593632e-06
5,dlog_SOLVPN,dlog_COPPER,6.336201277925702e-07
5,dlog_SOLVPN,dlog_DXY,6.5369046397279075e-06
5,dlog_SOLVPN,d_UST10Y,-8.542311011033519e-07
5,dlog_SOLVPN,dlog_VIX,-1.7921245667640805e-07
5,dlog_COPPER,dlog_SOLVPN,2.808232071092975e-06
5,dlog_COPPER,dlog_COPPER,-6.8053281887441134e-06
5,dlog_COPPER,dlog_DXY,-6.004486379077059e-05
5,dlog_COPPER,d_UST10Y,4.963095775479798e-06
5,dlog_COPPER,dlog_VIX,3.566877172332587e-08
5,dlog_DXY,dlog_SOLVPN,-2.899981347266193e-07
5,dlog_DXY,dlog_COPPER,-6.088296583062759e-07
5,dlog_DXY,dlog_DXY,-4.99164256908405e-06
5,dlog_DXY,d_UST10Y,4.837050673836944e-07
5,dlog_DXY,dlog_VIX,6.417884196220713e-08
5,d_UST10Y,dlog_SOLVPN,-1.2123893898254324e-05
5,d_UST10Y,dlog_COPPER,2.0461941947866995e-05
5,d_UST10Y,dlog_DXY,0.00017076360291667128
5,d_UST10Y,d_UST10Y,-1.3291014796896549e-05
5,d_UST10Y,dlog_VIX,4.77936885501658e-07
5,dlog_VIX,dlog_SOLVPN,7.82313537188488e-06
5,dlog_VIX,dlog_COPPER,-1.3153011133022704e-05
5,dlog_VIX,dlog_DXY,-0.00010872416000576604
5,dlog_VIX,d_UST10Y,8.551162866137975e-06
5,dlog_VIX,dlog_VIX,-5.708955286837412e-09
6,dlog_SOLVPN,dlog_SOLVPN,1.9953410966678655e-07
6,dlog_SOLVPN,dlog_COPPER,-1.1188997271362099e-07
6,dlog_SOLVPN,dlog_DXY,-8.733048010813556e-07
6,dlog_SOLVPN,d_UST10Y,4.7046756438217266e-08
6,dlog_SOLVPN,dlog_VIX,-1.6666693111733914e-08
6,dlog_COPPER,dlog_SOLVPN,-2.202977870757822e-07
6,dlog_COPPER,dlog_COPPER,8.382569847891027e-07
6,dlog_COPPER,dlog_DXY,7.248527246135137e-06
6,dlog_COPPER,d_UST10Y,-6.155282743366246e-07
6,dlog_COPPER,dlog_VIX,-2.1382144289477797e-08
6,dlog_DXY,dlog_SOLVPN,-5.810998745080623e-08
6,dlog_DXY,dlog_COPPER,7.885633299564414e-08
6,dlog_DXY,dlog_DXY,6.218808214499218e-07
6,dlog_DXY,d_UST10Y,-4.563279549820979e-08
6,dlog_DXY,dlog_VIX,3.361005456000144e-09
6,d_UST10Y,dlog_SOLVPN,3.1927613794713514e-07
6,d_UST10Y,dlog_COPPER,-2.392057665574791e-06
6,d_UST10Y,dlog_DXY,-2.0568455949622113e-05
6,d_UST10Y,d_UST10Y,1.7795726779155683e-06
6,d_UST10Y,dlog_VIX,6.962087729232063e-08
6,dlog_VIX,dlog_SOLVPN,-1.699002393301216e-07
6,dlog_VIX,dlog_COPPER,1.535639224346275e-06
6,dlog_VIX,dlog_DXY,1.3030894028168968e-05
6,dlog_VIX,d_UST10Y,-1.1314455066825554e-06
6,dlog_VIX,dlog_VIX,-5.361389396535371e-08
7,dlog_SOLVPN,dlog_SOLVPN,9.00885183400616e-09
7,dlog_SOLVPN,dlog_COPPER,1.0910727184889362e-08
7,dlog_SOLVPN,dlog_DXY,1.0072828079261179e-07
7,dlog_SOLVPN,d_UST10Y,-1.03500031773663e-08
7,dlog_SOLVPN,dlog_VIX,-1.4090921601636077e-09
7,dlog_COPPER,dlog_SOLVPN,3.5370833039130145e-08
7,dlog_COPPER,dlog_COPPER,-1.037481145020209e-07
7,dlog_COPPER,dlog_DXY,-8.791517475320311e-07
7,dlog_COPPER,d_UST10Y,7.296641675619977e-08
7,dlog_COPPER,dlog_VIX,1.3897844271980417e-09
7,dlog_DXY,dlog_SOLVPN,9.137135953906609e-11
7,dlog_DXY,dlog_COPPER,-8.776531357337526e-09
7,dlog_DXY,dlog_DXY,-7.469202043839209e-08
7,dlog_DXY,d_UST10Y,6.5699629345434355e-09
7,dlog_DXY,dlog_VIX,2.8384225673229223e-10
7,d_UST10Y,dlog_SOLVPN,-1.25877848686039e-07
7,d_UST10Y,dlog_COPPER,2.985235677548554e-07
7,d_UST10Y,dlog_DXY,2.5113766625083727e-06
7,d_UST10Y,d_UST10Y,-2.0405889645432016e-07
7,d_UST10Y,dlog_VIX,-2.2714996007762277e-10
7,dlog_VIX,dlog_SOLVPN,8.174693361021821e-08
7,dlog_VIX,dlog_COPPER,-1.908245789599979e-07
7,dlog_VIX,dlog_DXY,-1.592040500897488e-06
7,dlog_VIX,d_UST10Y,1.2873161438303525e-07
7,dlog_VIX,dlog_VIX,-3.1852579485159715e-10
8,dlog_SOLVPN,dlog_SOLVPN,1.4362778639053888e-09
8,dlog_SOLVPN,dlog_COPPER,-1.5487717694795545e-09
8,dlog_SOLVPN,dlog_DXY,-1.2631723731238148e-08
8,dlog_SOLVPN,d_UST10Y,9.059240417604089e-10
8,dlog_SOLVPN,dlog_VIX,-7.583930677102538e-11
8,dlog_COPPER,dlog_SOLVPN,-3.645441213374588e-09
8,dlog_COPPER,dlog_COPPER,1.2586005424251479e-08
8,dlog_COPPER,dlog_DXY,1.0651361145428378e-07
8,dlog_COPPER,d_UST10Y,-8.912829571449953e-09
8,dlog_COPPER,dlog_VIX,-1.9209245366527577e-10
8,dlog_DXY,dlog_SOLVPN,-5.46043678745559e-10
8,dlog_DXY,dlog_COPPER,1.1008503759471062e-09
8,dlog_DXY,dlog_DXY,9.180249586987984e-09
8,dlog_DXY,d_UST10Y,-7.300980656169067e-10
8,dlog_DXY,dlog_VIX,1.299604843483301e-11
8,d_UST10Y,dlog_SOLVPN,8.587701451071393e-09
8,d_UST10Y,dlog_COPPER,-3.573700252048264e-08
8,d_UST10Y,dlog_DXY,-3.037713920125976e-07
8,d_UST10Y,d_UST10Y,2.568197982331596e-08
8,d_UST10Y,dlog_VIX,6.810507311166787e-10
8,dlog_VIX,dlog_SOLVPN,-5.314249409595681e-09
8,dlog_VIX,dlog_COPPER,2.2714826875774257e-08
8,dlog_VIX,dlog_DXY,1.9265265092592e-07
8,dlog_VIX,d_UST10Y,-1.628401081703195e-08
8,dlog_VIX,dlog_VIX,-4.084569457949283e-10
9,dlog_SOLVPN,dlog_SOLVPN,1.9426540919476796e-11
9,dlog_SOLVPN,dlog_COPPER,1.724538167293702e-10
9,dlog_SOLVPN,dlog_DXY,1.5008607007584174e-09
9,dlog_SOLVPN,d_UST10Y,-1.363956614668845e-10
9,dlog_SOLVPN,dlog_VIX,-9.688638280826472e-12
9,dlog_COPPER,dlog_SOLVPN,4.945998831311444e-10
9,dlog_COPPER,dlog_COPPER,-1.5329204556358794e-09
9,dlog_COPPER,dlog_DXY,-1.2937694546633058e-08
9,dlog_COPPER,d_UST10Y,1.0736714825473032e-09
9,dlog_COPPER,dlog_VIX,1.5903981481461062e-11
9,dlog_DXY,dlog_SOLVPN,2.5145333796204973e-11
9,dlog_DXY,dlog_COPPER,-1.2998942930630202e-10
9,dlog_DXY,dlog_DXY,-1.1090285574239119e-09
9,dlog_DXY,d_UST10Y,9.462699696571771e-11
9,dlog_DXY,dlog_VIX,2.8744634377727856e-12
9,d_UST10Y,dlog_SOLVPN,-1.5548798266192992e-09
9,d_UST10Y,dlog_COPPER,4.3844176051845585e-09
9,d_UST10Y,dlog_DXY,3.696435146994063e-08
9,d_UST10Y,d_UST10Y,-3.04649010751034e-09
9,d_UST10Y,dlog_VIX,-3.085262228830136e-11
9,dlog_VIX,dlog_SOLVPN,9.993349002043029e-10
9,dlog_VIX,dlog_COPPER,-2.7843268091290976e-09
9,dlog_VIX,dlog_DXY,-2.3458758065989092e-08
9,dlog_VIX,d_UST10Y,1.9304484322137615e-09
9,dlog_VIX,dlog_VIX,1.613032489575267e-11
10,dlog_SOLVPN,dlog_SOLVPN,1.2473113801616015e-11
10,dlog_SOLVPN,dlog_COPPER,-2.2205883807133986e-11
10,dlog_SOLVPN,dlog_DXY,-1.8459959305663453e-10
10,dlog_SOLVPN,d_UST10Y,1.4499159368508017e-11
10,dlog_SOLVPN,dlog_VIX,-3.0678751771919177e-13
10,dlog_COPPER,dlog_SOLVPN,-5.623707525394931e-11
10,dlog_COPPER,dlog_COPPER,1.8573436391304752e-10
10,dlog_COPPER,dlog_DXY,1.570342706549841e-09
10,dlog_COPPER,d_UST10Y,-1.308779495585879e-10
10,dlog_COPPER,dlog_VIX,-2.227774783958449e-12
10,dlog_DXY,dlog_SOLVPN,-6.177366545491564e-12
10,dlog_DXY,dlog_COPPER,1.6051997006213394e-11
10,dlog_DXY,dlog_DXY,1.3519932866287396e-10
10,dlog_DXY,d_UST10Y,-1.1068564762166923e-11
10,dlog_DXY,dlog_VIX,-5.928866825004474e-14
10,d_UST10Y,dlog_SOLVPN,1.4970403454830965e-10
10,d_UST10Y,dlog_COPPER,-5.291444019285498e-10
10,d_UST10Y,dlog_DXY,-4.481862984547203e-09
10,d_UST10Y,d_UST10Y,3.7524839540841097e-10
10,d_UST10Y,dlog_VIX,7.50702069333639e-12
10,dlog_VIX,dlog_SOLVPN,-9.420993345501565e-11
10,dlog_VIX,dlog_COPPER,3.3571043475656116e-10
10,dlog_VIX,dlog_DXY,2.8444700787202608e-09
10,dlog_VIX,d_UST10Y,-2.382552970647396e-10
10,dlog_VIX,dlog_VIX,-4.76199700313967e-12
11,dlog_SOLVPN,dlog_SOLVPN,-3.8131462978381314e-13
11,dlog_SOLVPN,dlog_COPPER,2.6014558761750013e-12
11,dlog_SOLVPN,dlog_DXY,2.2227924882850618e-11
11,dlog_SOLVPN,d_UST10Y,-1.9160095939601293e-12
11,dlog_SOLVPN,dlog_VIX,-7.321713704162196e-14
11,dlog_COPPER,dlog_SOLVPN,7.127281026319591e-12
11,dlog_COPPER,dlog_COPPER,-2.2570981601343852e-11
11,dlog_COPPER,dlog_DXY,-1.9074021941056263e-10
11,dlog_COPPER,d_UST10Y,1.5852837485091632e-11
11,dlog_COPPER,dlog_VIX,2.405201925776417e-13
11,dlog_DXY,dlog_SOLVPN,5.09855079072072e-13
11,dlog_DXY,dlog_COPPER,-1.9300253260856113e-12
11,dlog_DXY,dlog_DXY,-1.6376827067003565e-11
11,dlog_DXY,d_UST10Y,1.377064461608471e-12
11,dlog_DXY,dlog_VIX,3.130954912120089e-14
11,d_UST10Y,dlog_SOLVPN,-2.1174627192596005e-11
11,d_UST10Y,dlog_COPPER,6.450151190906275e-11
11,d_UST10Y,dlog_DXY,5.447050054055313e-10
11,d_UST10Y,d_UST10Y,-4.515080060640204e-11
11,d_UST10Y,dlog_VIX,-6.124737429281783e-13
11,dlog_VIX,dlog_SOLVPN,1.3507673378481376e-11
11,dlog_VIX,dlog_COPPER,-4.0938164001839006e-11
11,dlog_VIX,dlog_DXY,-3.457440207036066e-10
11,dlog_VIX,d_UST10Y,2.864936592151438e-11
11,dlog_VIX,dlog_VIX,3.810768304276755e-13
12,dlog_SOLVPN,dlog_SOLVPN,1.3306328718392272e-13
12,dlog_SOLVPN,dlog_COPPER,-3.231166135028627e-13
12,dlog_SOLVPN,dlog_DXY,-2.7132441679192223e-12
12,dlog_SOLVPN,d_UST10Y,2.2069079124847552e-13
12,dlog_SOLVPN,dlog_VIX,3.006943430158453e-16
12,dlog_COPPER,dlog_SOLVPN,-8.427255676606144e-13
12,dlog_COPPER,dlog_COPPER,2.7384600317151213e-12
12,dlog_COPPER,dlog_DXY,2.3158073526865007e-11
12,dlog_COPPER,d_UST10Y,-1.928290301530785e-12
12,dlog_COPPER,dlog_VIX,-3.159699500866727e-14
12,dlog_DXY,dlog_SOLVPN,-8.024478533671224e-14
12,dlog_DXY,dlog_COPPER,2.359606080631486e-13
12,dlog_DXY,dlog_DXY,1.9914688153563055e-12
12,dlog_DXY,d_UST10Y,-1.6466001995168157e-13
12,dlog_DXY,dlog_VIX,-1.9846631748290294e-15
12,d_UST10Y,dlog_SOLVPN,2.3422506954087066e-12
12,d_UST10Y,dlog_COPPER,-7.812763771770947e-12
12,d_UST10Y,dlog_DXY,-6.610468879000582e-11
12,d_UST10Y,d_UST10Y,5.514102864966417e-12
12,d_UST10Y,dlog_VIX,9.685811678582942e-14
12,dlog_VIX,dlog_SOLVPN,-1.4815584425619601e-12
12,dlog_VIX,dlog_COPPER,4.957990256680333e-12
12,dlog_VIX,dlog_DXY,4.195661062798228e-11
12,dlog_VIX,d_UST10Y,-3.5006870501100906e-12
12,dlog_VIX,dlog_VIX,-6.210445755535887e-14
13,dlog_SOLVPN,dlog_SOLVPN,-9.524458904160334e-15
13,dlog_SOLVPN,dlog_COPPER,3.867500318551123e-14
13,dlog_SOLVPN,dlog_DXY,3.283820695355896e-13
13,dlog_SOLVPN,d_UST10Y,-2.771280873380734e-14
13,dlog_SOLVPN,dlog_VIX,-6.899235939835375e-16
13,dlog_COPPER,dlog_SOLVPN,1.0406097576811845e-13
13,dlog_COPPER,dlog_COPPER,-3.3265757519211475e-13
13,dlog_COPPER,dlog_DXY,-2.8123345592075657e-12
13,dlog_COPPER,d_UST10Y,2.3391870907846235e-13
13,dlog_COPPER,dlog_VIX,3.679482707095915e-15
13,dlog_DXY,dlog_SOLVPN,8.341442034293697e-15
13,dlog_DXY,dlog_COPPER,-2.853700198439349e-14
13,dlog_DXY,dlog_DXY,-2.415815315847807e-13
13,dlog_DXY,d_UST10Y,2.018548210839925e-14
13,dlog_DXY,dlog_VIX,3.7728660784757954e-16
13,d_UST10Y,dlog_SOLVPN,-3.019296157144192e-13
13,d_UST10Y,dlog_COPPER,9.501337163294357e-13
13,d_UST10Y,dlog_DXY,8.02977938173363e-12
13,d_UST10Y,d_UST10Y,-6.671536076703161e-13
13,d_UST10Y,dlog_VIX,-1.0038936857745198e-14
13,dlog_VIX,dlog_SOLVPN,1.920180378894819e-13
13,dlog_VIX,dlog_COPPER,-6.030717599263495e-13
13,dlog_VIX,dlog_DXY,-5.0966078195381195e-12
13,dlog_VIX,d_UST10Y,4.2340076878507377e-13
13,dlog_VIX,dlog_VIX,6.34641615309914e-15
14,dlog_SOLVPN,dlog_SOLVPN,1.6639317715123143e-15
14,dlog_SOLVPN,dlog_COPPER,-4.738549620217762e-15
14,dlog_SOLVPN,dlog_DXY,-3.995776217001941e-14
14,dlog_SOLVPN,d_UST10Y,3.295271611126928e-15
14,dlog_SOLVPN,dlog_VIX,3.3860033785408506e-17
14,dlog_COPPER,dlog_SOLVPN,-1.2502580884790495e-14
14,dlog_COPPER,dlog_COPPER,4.0382485680572796e-14
14,dlog_COPPER,dlog_DXY,3.4147236275771357e-13
14,dlog_COPPER,d_UST10Y,-2.842274807842854e-14
14,dlog_COPPER,dlog_VIX,-4.605856942921168e-16
14,dlog_DXY,dlog_SOLVPN,-1.1202443517477661e-15
14,dlog_DXY,dlog_COPPER,3.474207063793587e-15
14,dlog_DXY,dlog_DXY,2.935176769597564e-14
14,dlog_DXY,d_UST10Y,-2.4361814585707397e-15
14,dlog_DXY,dlog_VIX,-3.5109766811491906e-17
14,d_UST10Y,dlog_SOLVPN,3.5322406363485563e-14
14,d_UST10Y,dlog_COPPER,-1.1525889618937678e-13
14,d_UST10Y,dlog_DXY,-9.74813890960143e-13
14,d_UST10Y,d_UST10Y,8.11954746186535e-14
14,d_UST10Y,dlog_VIX,1.3515160380349122e-15
14,dlog_VIX,dlog_SOLVPN,-2.2389142397807954e-14
14,dlog_VIX,dlog_COPPER,7.315240549599869e-14
14,dlog_VIX,dlog_DXY,6.187113898337207e-13
14,dlog_VIX,d_UST10Y,-5.153934936909489e-14
14,dlog_VIX,dlog_VIX,-8.614222824026074e-16
15,dlog_SOLVPN,dlog_SOLVPN,-1.632317112016559e-16
15,dlog_SOLVPN,dlog_COPPER,5.721273870810809e-16
15,dlog_SOLVPN,dlog_DXY,4.845623919165477e-15
15,dlog_SOLVPN,d_UST10Y,-4.0548854018810203e-16
15,dlog_SOLVPN,dlog_VIX,-7.943347569094762e-18
15,dlog_COPPER,dlog_SOLVPN,1.5282933933205404e-15
15,dlog_COPPER,dlog_COPPER,-4.904402518205917e-15
15,dlog_COPPER,dlog_DXY,-4.146557774954439e-14
15,dlog_COPPER,d_UST10Y,3.4498903194664374e-15
15,dlog_COPPER,dlog_VIX,5.494739610407081e-17
15,dlog_DXY,dlog_SOLVPN,1.278231410759376e-16
15,dlog_DXY,dlog_COPPER,-4.211710776611623e-16
15,dlog_DXY,dlog_DXY,-3.562749441356437e-15
15,dlog_DXY,d_UST10Y,2.969465685127777e-16
15,dlog_DXY,dlog_VIX,5.066815505930026e-18
15,d_UST10Y,dlog_SOLVPN,-4.391556785836337e-15
15,d_UST10Y,dlog_COPPER,1.4004118869441346e-14
15,d_UST10Y,dlog_DXY,1.1838543606955234e-13
15,d_UST10Y,d_UST10Y,-9.845214244343767e-15
15,d_UST10Y,dlog_VIX,-1.5404134272284412e-16
15,dlog_VIX,dlog_SOLVPN,2.7895761448273035e-15
15,dlog_VIX,dlog_COPPER,-8.888642198781936e-15
15,dlog_VIX,dlog_DXY,-7.513969542727497e-14
15,dlog_VIX,d_UST10Y,6.2484587535977406e-15
15,dlog_VIX,dlog_VIX,9.756895952325206e-17
16,dlog_SOLVPN,dlog_SOLVPN,2.2789157635237713e-17
16,dlog_SOLVPN,dlog_COPPER,-6.972064080617593e-17
16,dlog_SOLVPN,dlog_DXY,-5.888747669475601e-16
16,dlog_SOLVPN,d_UST10Y,4.882838558935182e-17
16,dlog_SOLVPN,dlog_VIX,6.723758810030863e-19
16,dlog_COPPER,dlog_SOLVPN,-1.8479838587464727e-16
16,dlog_COPPER,dlog_COPPER,5.954635042211815e-16
16,dlog_COPPER,dlog_DXY,5.034906160636749e-15
16,dlog_COPPER,d_UST10Y,-4.1901586948363754e-16
16,dlog_COPPER,dlog_VIX,-6.748580474883187e-18
16,dlog_DXY,dlog_SOLVPN,-1.6149101495270124e-17
16,dlog_DXY,dlog_COPPER,5.119380644804472e-17
16,dlog_DXY,dlog_DXY,4.3271663346811286e-16
16,dlog_DXY,d_UST10Y,-3.597083992975729e-17
16,dlog_DXY,dlog_VIX,-5.532886551212692e-19
16,d_UST10Y,dlog_SOLVPN,5.254138176681941e-16
16,d_UST10Y,dlog_COPPER,-1.6998203764663571e-15
16,d_UST10Y,dlog_DXY,-1.437389640108962e-14
16,d_UST10Y,d_UST10Y,1.1965543739384349e-15
16,d_UST10Y,dlog_VIX,1.9478246685913415e-17
16,dlog_VIX,dlog_SOLVPN,-3.333066483092155e-16
16,dlog_VIX,dlog_COPPER,1.078864943731887e-15
16,dlog_VIX,dlog_DXY,9.123092113614761e-15
16,dlog_VIX,d_UST10Y,-7.594773346918711e-16
16,dlog_VIX,dlog_VIX,-1.2379995051268546e-17
17,dlog_SOLVPN,dlog_SOLVPN,-2.5401412181761997e-18
17,dlog_SOLVPN,dlog_COPPER,8.446936817722115e-18
17,dlog_SOLVPN,dlog_DXY,7.146812205884689e-17
17,dlog_SOLVPN,d_UST10Y,-5.960368736584974e-18
17,dlog_SOLVPN,dlog_VIX,-1.0403008719685125e-19
17,dlog_COPPER,dlog_SOLVPN,2.249895301860868e-17
17,dlog_COPPER,dlog_COPPER,-7.231037770328685e-17
17,dlog_COPPER,dlog_DXY,-6.113825445263871e-16
17,dlog_COPPER,d_UST10Y,5.0871543200063154e-17
17,dlog_COPPER,dlog_VIX,8.135420908340443e-19
17,dlog_DXY,dlog_SOLVPN,1.9129153260638046e-18
17,dlog_DXY,dlog_COPPER,-6.212258839558168e-18
17,dlog_DXY,dlog_DXY,-5.253563302115906e-17
17,dlog_DXY,d_UST10Y,4.374453829510977e-18
17,dlog_DXY,dlog_VIX,7.192168580475799e-20
17,d_UST10Y,dlog_SOLVPN,-6.43989155568426e-17
17,d_UST10Y,dlog_COPPER,2.0645429063054295e-16
17,d_UST10Y,dlog_DXY,1.745475639211448e-15
17,d_UST10Y,d_UST10Y,-1.452112644449802e-16
17,d_UST10Y,dlog_VIX,-2.3061143726345406e-18
17,dlog_VIX,dlog_SOLVPN,4.088732308343608e-17
17,dlog_VIX,dlog_COPPER,-1.31037919590704e-16
17,dlog_VIX,dlog_DXY,-1.107856737940883e-15
17,dlog_VIX,d_UST10Y,9.216381701958673e-17
17,dlog_VIX,dlog_VIX,1.4623329193620308e-18
18,dlog_SOLVPN,dlog_SOLVPN,3.2580933947790754e-19
18,dlog_SOLVPN,dlog_COPPER,-1.0271430322463045e-18
18,dlog_SOLVPN,dlog_DXY,-8.680989398302428e-18
18,dlog_SOLVPN,d_UST10Y,7.213556069433552e-19
18,dlog_SOLVPN,dlog_VIX,1.0920537730908471e-20
18,dlog_COPPER,dlog_SOLVPN,-2.7274332861494683e-18
18,dlog_COPPER,dlog_COPPER,8.780046559817138e-18
18,dlog_COPPER,dlog_DXY,7.423753725620864e-17
18,dlog_COPPER,d_UST10Y,-6.177797173237881e-18
18,dlog_COPPER,dlog_VIX,-9.922951216807165e-20
18,dlog_DXY,dlog_SOLVPN,-2.3595221995603544e-19
18,dlog_DXY,dlog_COPPER,7.546426790606658e-19
18,dlog_DXY,dlog_DXY,6.379841747169577e-18
18,dlog_DXY,d_UST10Y,-5.306709063755264e-19
18,dlog_DXY,dlog_VIX,-8.371960526343423e-21
18,d_UST10Y,dlog_SOLVPN,7.773901362765181e-18
18,d_UST10Y,dlog_COPPER,-2.5065264423968315e-17
18,d_UST10Y,dlog_DXY,-2.1194020203549874e-16
18,d_UST10Y,d_UST10Y,1.7638871165936278e-17
18,d_UST10Y,dlog_VIX,2.845415871821104e-19
18,dlog_VIX,dlog_SOLVPN,-4.933088123034864e-18
18,dlog_VIX,dlog_COPPER,1.5908861207904734e-17
18,dlog_VIX,dlog_DXY,1.3451844182369724e-16
18,dlog_VIX,d_UST10Y,-1.119554235751597e-17
18,dlog_VIX,dlog_VIX,-1.8069462768134523e-19
19,dlog_SOLVPN,dlog_SOLVPN,-3.8233570344659706e-20
19,dlog_SOLVPN,dlog_COPPER,1.246114516625801e-19
19,dlog_SOLVPN,dlog_DXY,1.0538884456163508e-18
19,dlog_SOLVPN,d_UST10Y,-8.777499099402403e-20
19,dlog_SOLVPN,dlog_VIX,-1.456919903405842e-21
19,dlog_COPPER,dlog_SOLVPN,3.3153168479839162e-19
19,dlog_COPPER,dlog_COPPER,-1.0661629893852486e-18
19,dlog_COPPER,dlog_DXY,-9.014491087266982e-18
19,dlog_COPPER,d_UST10Y,7.501027717510133e-19
19,dlog_COPPER,dlog_VIX,1.201466247154048e-20
19,dlog_DXY,dlog_SOLVPN,2.836998205052849e-20
19,dlog_DXY,dlog_COPPER,-9.16103597571028e-20
19,dlog_DXY,dlog_DXY,-7.746385968558391e-19
19,dlog_DXY,d_UST10Y,6.447646321835829e-20
19,dlog_DXY,dlog_VIX,1.0443043625667192e-21
19,d_UST10Y,dlog_SOLVPN,-9.474686007920849e-19
19,d_UST10Y,dlog_COPPER,3.0438917936022094e-18
19,d_UST10Y,dlog_DXY,2.5735815779901367e-17
19,d_UST10Y,d_UST10Y,-2.1413500784990258e-18
19,d_UST10Y,dlog_VIX,-3.420518861644161e-20
19,dlog_VIX,dlog_SOLVPN,6.014368434632005e-19
19,dlog_VIX,dlog_COPPER,-1.9319670604768697e-18
19,dlog_VIX,dlog_DXY,-1.6334555600448616e-17
19,dlog_VIX,d_UST10Y,1.3591058238109104e-18
19,dlog_VIX,dlog_VIX,2.1702211876040244e-20
20,dlog_SOLVPN,dlog_SOLVPN,4.744196963763448e-21
20,dlog_SOLVPN,dlog_COPPER,-1.5139705118397526e-20
20,dlog_SOLVPN,dlog_DXY,-1.2798701405909417e-19
20,dlog_SOLVPN,d_UST10Y,1.0644242795435535e-20
20,dlog_SOLVPN,dlog_VIX,1.668941870667972e-22
20,dlog_COPPER,dlog_SOLVPN,-4.0230269908713945e-20
20,dlog_COPPER,dlog_COPPER,1.2945863142474518e-19
20,dlog_COPPER,dlog_DXY,1.094597423534255e-18
20,dlog_COPPER,d_UST10Y,-9.10863243975351e-20
20,dlog_COPPER,dlog_VIX,-1.4615198462794928e-21
20,dlog_DXY,dlog_SOLVPN,-3.466367389450924e-21
20,dlog_DXY,dlog_COPPER,1.1125765812854838e-20
20,dlog_DXY,dlog_DXY,9.406548010239332e-20
20,dlog_DXY,d_UST10Y,-7.826216928831813e-21
20,dlog_DXY,dlog_VIX,-1.2469049561340243e-22
20,d_UST10Y,dlog_SOLVPN,1.1477988230361672e-19
20,d_UST10Y,dlog_COPPER,-3.6958786309954357e-19
20,d_UST10Y,dlog_DXY,-3.1249766204556573e-18
20,d_UST10Y,d_UST10Y,2.6005447851068306e-19
20,d_UST10Y,dlog_VIX,4.1798599735985816e-21
20,dlog_VIX,dlog_SOLVPN,-7.284495031042481e-20
20,dlog_VIX,dlog_COPPER,2.3457720866954077e-19
20,dlog_VIX,dlog_DXY,1.98342423195131e-18
20,dlog_VIX,d_UST10Y,-1.6505760637647627e-19
20,dlog_VIX,dlog_VIX,-2.6535404823817775e-21
